row_id,prevalence_of_undernourishment,predicted_prevalence_of_undernourishment
0,31.2607127887093,31.4159965515137
1,18.2982327351134,18.6210632324219
2,39.513397132736,40.0219688415527
3,4.44401553624674,4.17016887664795
4,4.94030053269914,4.85286426544189
5,7.04493773936995,6.86894607543945
6,39.2409104336449,39.3504829406738
7,4.7244934429468,5.38803482055664
8,5.43670142806003,5.97373390197754
9,3.49773105262763,3.38712096214294
10,4.43438662198505,4.53702354431152
11,15.2752248522329,15.3882312774658
12,11.2286243636552,10.9335088729858
13,19.669784278469,19.9426651000977
14,11.0492260968235,10.5316925048828
15,24.4178952871425,24.7758827209473
16,31.0044046672611,31.3767318725586
17,5.57799712130887,5.89797210693359
18,54.8068174033648,62.8789939880371
19,22.2124670330276,23.376428604126
20,9.10451528837271,9.38772773742676
22,45.1008303268311,45.5212287902832
23,3.56508994068341,3.51364254951477
24,42.2018143184406,42.4267272949219
25,19.2734325377776,19.1083984375
26,6.71032785402967,6.98862648010254
27,36.668943818872,37.2094993591309
28,24.1866902015811,25.1945648193359
30,15.1060407580225,16.4340515136719
31,37.3412706292231,37.2386512756348
32,8.61464444092611,8.92739486694336
33,12.4238915415532,12.4115467071533
34,2.87149821008869,2.47166895866394
36,6.01764283533387,6.03221130371094
37,19.1977995261004,19.047212600708
38,4.0356025771354,3.68354630470276
39,16.8380063342015,18.6752586364746
40,25.2584956251666,26.3187065124512
41,6.40160234655811,6.36322212219238
42,15.2210783880389,15.8813610076904
43,27.0232664753896,27.6270294189453
44,15.8902070937948,15.3135566711426
45,41.7924696897208,42.2374076843262
46,5.06097178309314,5.23554039001465
47,31.68042534755,32.6937599182129
48,4.41342701415526,4.14097213745117
51,6.09041055920043,7.00671005249023
52,18.9418365064654,19.49391746521
53,27.5921375629658,27.6701488494873
54,15.7123020667939,15.8955192565918
55,2.95575749234143,2.73279500007629
56,20.78074397621,21.6874961853027
57,3.88363571747031,3.65885472297668
58,42.5251086265209,39.2986259460449
59,12.1863965297841,12.2040357589722
60,5.48209529691447,5.2092342376709
61,5.91543404249468,5.86220359802246
62,4.50803585467007,4.33124732971191
63,4.46094248455457,4.35355758666992
64,22.3537769835508,21.807991027832
65,20.4649753692581,21.0213279724121
66,16.2408234348749,16.2927055358887
67,3.10311971088846,3.64426827430725
68,15.4244225199203,15.4884967803955
69,11.3721055504867,11.4767236709595
70,16.5699509383749,16.2437915802002
71,4.55167009725223,4.45273780822754
72,3.67091222572571,3.89970183372498
73,27.4523719232634,28.4600410461426
75,4.24615075382661,3.82468152046204
76,2.67408252429966,3.93406653404236
77,3.75002022995736,3.39738965034485
78,14.0180534593799,14.1554126739502
79,32.5131961542775,32.1722602844238
80,8.95838806300794,8.83306694030762
81,4.98340799179385,5.19127559661865
82,9.35469702913896,9.63221168518066
83,15.875655775954,16.3993339538574
84,15.0682154298646,18.408390045166
85,37.440402063223,37.720142364502
86,8.46142706280648,7.97270393371582
87,42.0273149138159,42.2867317199707
88,5.14130583601132,5.70095825195313
89,55.782932834703,56.4608345031738
90,2.69108086269526,2.69736886024475
91,12.0020270457339,12.2991981506348
92,9.53033741566366,9.79654598236084
93,11.3986219332757,11.6694631576538
94,4.42602691053817,4.55668258666992
95,12.375093780949,12.5130577087402
96,38.7665325873017,39.4275398254395
98,16.8094163702794,16.8862686157227
99,3.00000088311791,2.83564448356628
100,5.23280931242939,5.30617523193359
101,26.6976731319353,27.1858005523682
103,19.3977967634377,19.5333003997803
104,3.12271653348494,3.33643746376038
105,40.0476733131174,40.4104499816895
106,3.5753848250349,3.4913637638092
107,29.9553724915751,31.1434516906738
108,5.11577951035897,4.98370361328125
109,20.7074670907251,21.1666469573975
110,16.3574892921127,16.8116626739502
111,13.2611582535252,13.1566982269287
112,26.8814827579838,26.891056060791
113,4.85606810749045,5.24882411956787
114,17.4851624957778,17.6683254241943
115,45.0614013091245,45.3735084533691
117,4.48695398782085,4.44868564605713
118,13.3231742337175,13.1725730895996
119,4.23843944143526,3.91573882102966
120,40.2592809574717,40.3360633850098
121,22.7365104917516,23.1658248901367
122,3.55231977588682,3.45381760597229
123,39.0801693405921,38.8108825683594
124,7.98935054071106,8.23430061340332
125,28.5370738379269,28.5278129577637
126,4.41600701698668,4.57350540161133
127,56.1434132976689,62.9819297790527
128,6.18930993985618,6.31553649902344
129,31.2276491339896,31.7185249328613
130,14.3532689585629,14.5795059204102
131,6.79006282341495,6.83769035339355
132,7.02370856750863,7.10833549499512
133,5.13329487106626,5.63921356201172
134,12.7313298630902,12.6032276153564
135,20.3368788744846,21.1910743713379
136,8.39113729379355,8.45399475097656
137,20.0227124244243,20.9508743286133
138,24.9774660846501,25.4868144989014
139,31.9814882393364,32.2681007385254
140,4.32689838849073,4.32532596588135
141,27.3219750374341,27.5484886169434
142,5.52290793259612,5.85719966888428
143,3.37300677492885,3.12877488136292
144,13.81089586714,14.4641799926758
145,25.8112344281202,27.361988067627
146,18.232144084169,18.4099998474121
147,8.39705481512751,8.77295207977295
148,6.71117306070951,6.61040496826172
149,10.8532704996896,11.1196842193604
150,15.4301733117993,15.9229831695557
151,4.5569759577421,4.29025554656982
152,12.5898919311923,12.9432430267334
153,17.9907099699934,18.340576171875
154,21.8388168317431,22.3819274902344
155,38.0515971218378,38.2513236999512
156,5.56765816996605,5.25693988800049
157,5.71085629929847,5.56240177154541
158,12.95531492662,12.9325580596924
159,30.5984560445592,29.8953132629395
160,28.4716252225808,27.5293350219727
161,8.38019774546987,8.85051345825195
162,30.1715337702895,30.8655548095703
163,21.3878348508431,21.4790458679199
164,20.5959844395899,19.9023704528809
165,24.1346780387809,24.2428092956543
166,5.29422553406601,5.3131160736084
167,5.99666287276681,5.71133136749268
168,12.2289944029378,11.6009273529053
169,9.11115135198357,9.47661781311035
170,4.59700146392999,4.63030242919922
171,4.15648557904378,4.32837295532227
172,6.4252175278696,6.24122047424316
173,26.2632264495433,26.5390167236328
174,4.88664284140487,4.91868209838867
175,14.5423110149627,15.226448059082
176,26.5031203512,27.3567295074463
177,22.3384575869501,22.4893074035645
178,9.44043270552055,9.62893199920654
179,5.73103354904227,6.73932838439941
180,3.21020992113927,3.51962399482727
181,6.96839109549866,7.60161876678467
182,7.99738118624836,7.9926586151123
183,31.6760261904077,31.4942626953125
184,15.1688755630635,15.6855506896973
185,4.5504046916233,4.47994995117188
186,9.49008760515277,10.5644245147705
188,13.8488161447323,14.0907459259033
189,33.047120034736,33.5680694580078
190,5.91471879802817,5.95003318786621
191,5.66281196086083,6.21187400817871
193,3.49829241844163,3.75288987159729
194,23.652214110079,20.6549453735352
195,33.8589008733757,35.6711311340332
196,3.50808356364636,3.88910222053528
197,4.39230529940816,4.48570346832275
198,14.3489608187265,14.4128608703613
199,14.5755794094425,15.2618026733398
200,21.7152528588059,22.4980888366699
201,15.6922027546298,15.9209861755371
202,10.3378618432771,10.398717880249
203,24.5306727215391,24.6459484100342
204,11.4437626662809,11.7592210769653
205,22.2512221262611,22.5725002288818
206,34.8717794532554,35.3390998840332
207,22.4177920682619,23.0895690917969
208,8.9915337483029,9.20969295501709
210,49.4924489773502,49.7762680053711
212,3.83692214459942,4.96644878387451
213,5.27549981665498,5.77383708953857
214,7.22891508382469,7.7598123550415
215,13.7405415812151,14.0385437011719
216,17.6241430849854,19.0995292663574
217,25.9894057992916,26.1860103607178
218,10.1807354187867,10.0607719421387
219,49.6721522185286,50.357177734375
220,54.88121574087,55.7396774291992
221,38.1321488513175,38.9281578063965
222,9.51541660677412,9.37296581268311
223,12.9439911807389,12.8545036315918
224,5.9628440004712,5.63030052185059
225,15.7880996174738,16.1409511566162
227,4.62527316504778,4.4640588760376
228,12.7562338890086,12.4576568603516
230,6.35474779572937,6.87001609802246
231,36.3164986710942,37.2810554504395
232,17.0213110013777,17.2293910980225
233,31.6582361447078,31.5841484069824
234,11.9058692015083,12.0615425109863
235,50.3445190295935,49.9083633422852
237,42.3300243425092,43.1728782653809
238,28.4317597340474,29.3050193786621
239,38.6575400674886,38.7751731872559
240,4.3523977876143,4.16494655609131
241,3.55498486063285,3.55860638618469
242,4.33809549042309,4.0742073059082
243,2.64777693569416,2.18113970756531
244,24.4264403506734,25.0513114929199
245,5.83466090843158,6.06868076324463
246,7.26132155988644,7.54281234741211
247,33.4190083766078,33.2425727844238
248,15.916412973876,14.4829387664795
249,9.01564034031172,9.18901824951172
250,38.7538984755523,40.6861915588379
251,5.84945172426317,5.61524391174316
252,12.1679228625991,12.2715921401978
253,12.1114370653736,12.1866598129272
254,6.23696596556528,6.0600643157959
255,12.1140958632213,12.2736721038818
256,25.1032535918526,25.1302337646484
257,5.6884434984622,5.71726608276367
258,3.25461293560249,2.91077923774719
259,21.4488151554118,21.9960136413574
260,19.1745670822144,19.5800323486328
261,16.2933653278728,17.1154518127441
262,13.0715368322012,13.313102722168
263,24.4898796042062,22.9094390869141
264,12.7758491183852,13.1249599456787
265,44.1503315980692,40.9263648986816
266,5.54096694503797,5.46559429168701
268,28.3388473280162,28.3433036804199
269,12.1790583449802,12.8869171142578
270,30.217351487046,30.3994026184082
271,15.5194563639392,16.1504783630371
272,23.0184591055622,23.2948055267334
273,10.4854290224958,10.707088470459
274,18.4723745850666,17.2259178161621
275,9.29953103106219,11.2845935821533
276,16.8996125671047,16.9956321716309
277,44.0455115855044,44.5118675231934
278,15.3609154486127,15.6730613708496
279,9.67972809379135,10.4816961288452
280,5.34481468168191,5.32295227050781
281,18.971461735304,19.2703857421875
282,3.14019821898265,3.1545889377594
283,16.8232652094694,17.5272750854492
284,34.9598775872312,36.039981842041
285,22.2661849444739,22.3665103912354
286,38.2479017854215,37.3667182922363
287,28.2597837325383,28.3071022033691
288,27.8221033079648,26.5474891662598
289,29.8372655917714,30.1608085632324
290,11.5474910078416,12.0284023284912
291,4.32554161320109,4.43389701843262
292,5.48110110520338,5.34069061279297
293,22.4315948539394,22.6216316223145
294,17.1932629677033,17.3104095458984
295,16.5904820988954,16.6352577209473
296,15.1531765699354,15.212043762207
298,26.8814672350745,27.4376449584961
299,8.32476016255493,8.38508033752441
300,13.7165978932796,14.9926490783691
301,3.80230841774864,4.16725254058838
302,34.2700256758523,34.394214630127
303,2.74282032531757,2.43750309944153
304,9.50835540165176,10.0244216918945
305,16.065306438066,16.3296585083008
306,11.2619075338348,11.8650712966919
307,20.6995472815855,21.3016319274902
308,3.90824722384775,3.9831759929657
309,7.96322027850785,8.13881969451904
310,8.39346794304505,8.42649078369141
311,21.8136324201723,22.5350646972656
312,14.5231761309861,14.8747863769531
313,58.458511803333,59.143180847168
314,11.8466288141236,11.4260311126709
315,42.8508411126838,43.388240814209
316,31.1791245236574,31.5750617980957
317,19.550132315393,17.3207111358643
318,4.02889711757839,4.06999778747559
319,5.50907074492745,5.609130859375
320,6.44312741553653,6.17999172210693
321,3.91993873893492,3.98124718666077
322,26.6645194831016,26.9406719207764
324,3.44624259157908,3.55543112754822
325,6.05647105152492,5.92940044403076
326,4.92217830464883,5.40370559692383
327,27.478284004176,27.7808303833008
328,4.77687706148543,3.97245621681213
329,15.1203730380958,15.2472381591797
330,11.2065844066093,12.5002670288086
331,23.6325316510363,23.704252243042
332,4.01272390942623,4.37707328796387
333,16.1887995565307,16.1765537261963
334,13.6918563832729,14.8485870361328
336,30.9338398859443,31.8816375732422
337,11.8773161500278,12.2497520446777
338,16.810617652946,16.9948863983154
339,36.989665455453,37.318286895752
340,5.91833849823965,5.86115264892578
341,6.16240010275657,6.03350448608398
342,25.136331348466,25.1467514038086
343,16.5502776208774,16.5748405456543
344,11.4760034177753,11.5423231124878
345,16.0937613286151,16.6176490783691
346,8.18741991487346,7.21101856231689
347,5.60081122296388,6.03609371185303
348,9.21968018072927,9.00015163421631
350,31.6950336470527,33.2112846374512
351,3.75872316129665,3.90334820747375
352,28.734734933898,28.8931312561035
353,26.8382161976882,27.1691379547119
354,26.3378086777675,26.1855182647705
355,11.7807842534062,12.0097370147705
356,22.4474918719791,22.8502521514893
357,18.5081339689851,18.401195526123
358,5.51582924235622,5.87794971466064
359,3.11607358906476,3.0711681842804
360,2.54777627884639,2.52209877967834
361,4.35028093872906,4.50191307067871
362,26.0404409822422,26.3490505218506
363,25.0655828404549,25.4968605041504
364,4.70591013582499,4.60023307800293
365,5.24339431513974,5.49801731109619
366,5.56466400055169,5.99551868438721
367,31.219158117814,31.4518394470215
368,11.9369001330463,11.7881498336792
369,2.6179818454572,2.49377799034119
370,6.98562857066103,6.90604591369629
371,9.31809393841223,9.76594352722168
372,24.2169966803032,25.7858276367188
373,19.0091602850888,19.1404266357422
374,16.4226417880258,15.7242317199707
375,19.2905340807698,19.4817848205566
376,18.0813489672531,18.414005279541
377,36.6696128901265,37.0484924316406
378,32.382351133118,32.2524070739746
379,18.1588690064964,18.7562408447266
380,11.9251984928409,12.3596591949463
382,5.04097087464038,5.18414402008057
383,4.74062887469078,5.05324077606201
384,30.1147002412764,29.9759521484375
385,4.64730127358074,4.79965209960938
386,13.0932104131429,13.5556259155273
387,2.95632317098531,2.65187001228333
388,31.1991530496211,31.5206184387207
389,21.0725130434554,21.20166015625
390,24.6435196641423,24.9296741485596
391,5.58312021796542,5.61428356170654
392,9.13481263613469,8.89147758483887
393,47.8264648001106,48.14501953125
394,26.0899264829222,26.020881652832
395,6.16172738205019,6.33636665344238
396,8.46177584013624,8.78356075286865
397,8.84854304817176,8.9272346496582
398,4.98241851472219,5.18912315368652
399,14.2347511113197,14.8316612243652
400,23.4350985338078,23.7561988830566
401,10.8284079100599,10.9575939178467
402,31.2892996297925,31.3330955505371
403,27.8835318429659,27.8837184906006
404,4.35614781531102,3.97418665885925
405,11.0535317532419,11.5978364944458
406,43.9462533959814,44.6700172424316
407,6.27868018513144,5.89344787597656
408,4.04852404810272,4.10652351379395
409,6.15883706575039,6.28824996948242
410,20.2845036929273,20.4030780792236
412,45.9341719783246,46.1361808776855
413,4.46535049940342,4.65130615234375
415,35.7437456101817,37.2988433837891
416,17.1755048314531,17.5076885223389
417,7.57817329027854,6.07435607910156
418,4.46911631128074,4.55809593200684
419,9.80613086981578,10.1675815582275
420,36.4434949193437,36.1144599914551
421,8.90115892601807,8.71901607513428
422,4.65610384940187,4.68574523925781
423,4.65278033246519,4.68245983123779
424,43.7089365120298,44.1918525695801
425,2.90383758863828,3.0028030872345
426,19.9205394802597,19.4219341278076
427,16.0787934977042,15.9097213745117
428,9.34540819689209,9.3514289855957
429,3.36495347927873,4.30914497375488
430,4.16941695016198,3.87286305427551
431,14.650779269817,14.7545852661133
432,35.0875563653208,36.9761695861816
433,5.10993383524263,5.39937591552734
434,39.0506487762147,34.8923797607422
435,16.7776670409743,17.2050933837891
436,18.6259959532127,18.7095489501953
437,3.89174937956716,4.5494327545166
438,16.1661309125135,16.5910186767578
439,29.5712951033796,29.8762969970703
440,57.6987681945098,58.4231071472168
441,12.1951670714334,11.5932331085205
442,4.44064984555912,4.13159847259521
443,4.17785016438095,3.93763041496277
446,16.3109175029599,16.4886054992676
447,7.09953393524489,7.11607265472412
448,21.5481483086967,21.4465293884277
449,16.1802150316178,16.9994564056396
450,32.9098112073663,32.9875793457031
451,18.10283567538,18.2919654846191
452,16.3571374472088,17.2147369384766
453,25.3166083513547,25.6352291107178
454,32.2792484659391,32.4405364990234
455,7.79319214683087,8.03321075439453
456,18.4197004683585,18.7304649353027
457,7.35491032921203,7.6621150970459
458,24.2690380035062,24.630126953125
459,4.41933837440623,4.40353393554688
460,7.8722781171019,8.51393127441406
461,9.25362154398158,9.44561004638672
462,12.1186564728095,12.2526798248291
463,5.27040816082498,5.2601432800293
464,4.86183024899373,4.68531608581543
465,37.0550513837355,37.8136863708496
466,31.0755449208205,30.8069610595703
467,10.0157464656487,10.2952880859375
468,23.9126311928174,23.9293575286865
469,15.2632557503949,15.3571014404297
470,24.0679379044516,24.6673450469971
472,27.5141943780151,27.8774757385254
473,3.59385797173667,3.66605019569397
474,27.7045982794192,29.0198783874512
475,11.7365758218217,12.15540599823
477,5.44833044881577,5.04566097259521
478,5.08870746052237,5.07360744476318
479,29.1044796573706,29.5796089172363
480,8.47011819796802,8.54939556121826
481,40.8722374559093,38.411865234375
483,49.2970201042488,49.857536315918
484,6.59474546232888,6.19139957427979
485,4.78374470342214,4.82921409606934
486,4.48494072466377,4.58435344696045
487,16.805882716945,16.1027889251709
488,40.342478079012,41.2219200134277
489,6.61977420414802,6.60912895202637
490,6.47254064593283,6.4700870513916
491,4.33950146390775,4.32799434661865
492,42.2849048927443,42.6827697753906
493,11.9409706802719,11.9435052871704
494,8.54839195987977,8.09014225006104
495,33.3169114622543,31.3377342224121
496,22.8610028995623,23.5244178771973
497,31.9211879105465,33.3652038574219
498,27.6527234672613,27.9128684997559
499,4.30337242042124,4.214430809021
500,8.22940989249414,8.87792205810547
501,9.3481128474326,9.7778491973877
502,10.1821064778694,10.3993682861328
503,14.6051118060937,14.3544483184814
504,14.0643891030815,13.937068939209
505,43.5822281415801,43.2125816345215
506,3.60550648054759,3.64039301872253
507,16.7281616158256,17.4359607696533
508,26.3760904168549,27.7743072509766
509,18.6980381508917,19.8880233764648
510,4.51708114394865,4.44096851348877
511,14.1400036879511,13.5551586151123
512,24.0872383463612,25.4869728088379
514,10.6945096425888,11.2687759399414
515,33.4367063572725,33.938777923584
516,2.55378930485165,2.68169140815735
518,13.9466279240108,14.0960731506348
519,3.7404845393409,4.0011568069458
520,5.51943534616152,5.56670188903809
521,13.5247214508233,14.603832244873
523,8.91478088850977,8.87357521057129
524,5.58572431872954,5.48329544067383
525,13.6487581825539,13.5504913330078
526,3.84962810138107,4.03426074981689
527,13.5082180483138,13.4939861297607
528,24.3256791575802,24.5329914093018
529,11.9238670665509,12.8587131500244
531,47.1056761603649,44.9248237609863
532,11.6055384781443,11.0232849121094
533,11.2980727472589,11.3672885894775
534,17.1790887296719,17.9013633728027
535,24.4449591083065,25.1937713623047
536,12.1870730892019,12.4147167205811
537,4.54592282208014,4.17708396911621
538,11.0515613543598,10.8886985778809
539,7.13709921739178,7.20587921142578
540,47.9974062528001,48.679573059082
541,6.38475848533803,6.97408580780029
542,9.6466661905484,10.4423513412476
543,9.42247733322298,9.4437141418457
544,28.0252816723082,29.844783782959
545,37.9382409900932,38.4540138244629
546,19.0241076700657,19.5690059661865
547,9.12025598983973,9.14492893218994
548,25.6966924488254,26.1536560058594
550,6.19990196579644,6.29889392852783
551,9.46396040095351,9.70563507080078
552,32.0076285257721,32.0461158752441
554,7.42723259853673,7.26436233520508
555,9.46315770123565,10.4994134902954
556,5.77648890935969,5.05318355560303
557,5.62189890407135,5.69819641113281
558,4.56349953674974,4.2577018737793
559,8.27347868529054,8.4038200378418
560,21.5777849886183,21.7131633758545
561,16.3229813455127,16.390832901001
562,8.09815831791112,8.07667541503906
563,5.886473472302,5.90650939941406
564,4.55808464162689,4.28893089294434
565,13.0106228294163,13.5595245361328
566,7.74432350889997,7.86196613311768
568,11.1747960818294,10.9405221939087
569,4.12757910118598,4.18501472473145
570,28.4794457907878,28.9614677429199
571,23.1084183041462,23.5315227508545
572,29.5976136298802,29.9135856628418
573,6.86498899619902,6.9208812713623
574,25.835275442319,25.7685050964355
575,7.85512591762974,7.6170654296875
577,11.0842649390478,11.4947519302368
578,4.06864630182857,4.93521213531494
579,13.3788525329841,13.6418609619141
580,5.49754647888641,5.70326232910156
581,5.71156536936551,5.76108932495117
582,6.37276424753782,6.84661674499512
583,5.60465471024076,5.30186653137207
584,15.7471916701769,15.687141418457
585,24.9505414999339,25.1470832824707
586,30.0705520998051,30.5600776672363
587,26.8745266691906,27.4296989440918
588,3.72893640593943,3.88700604438782
589,14.862552966786,15.034236907959
590,5.03872990287793,4.58834648132324
591,15.7196594156348,20.3852806091309
592,23.4410891155174,25.2168369293213
593,26.3792055327829,28.2200736999512
594,21.19716593938,21.1543922424316
595,3.87666379539161,3.81082558631897
596,4.6246360157402,4.6019811630249
597,4.43034227256246,4.77175426483154
598,21.8842992971546,22.4191761016846
599,6.09836900977931,6.07310676574707
600,21.510429684828,21.8168563842773
602,4.14848333874476,3.94977021217346
603,10.672153221433,11.0227737426758
605,21.4953812771534,21.3381156921387
606,4.76649641574276,4.63424205780029
607,5.14227005387927,5.03526401519775
608,17.6578717603917,19.3202667236328
609,30.3660560636842,30.3905715942383
610,4.44024319289346,5.0202693939209
611,34.4056667195538,35.2344245910645
612,5.50638822309958,5.8083553314209
613,55.9797471813391,56.5898780822754
614,27.4225040505744,27.806827545166
615,4.72584380705706,4.88007164001465
616,24.9535392044946,25.0109577178955
617,8.7685309964348,9.07326889038086
618,11.0615918736473,10.8497257232666
619,3.3775251115062,3.42057156562805
620,31.1204859855793,31.9854774475098
621,4.83187880534395,5.88615417480469
622,25.5449370543425,26.0515804290771
623,45.9716961577013,46.6306266784668
624,9.97853030097688,9.48449516296387
625,9.0464609927972,9.19148445129395
626,4.40997754232821,4.55817794799805
627,23.24783374982,22.7865753173828
628,9.52731145671356,9.15202331542969
629,21.2757397136052,21.3371353149414
630,5.63679061982306,5.53071403503418
632,9.70329932708808,10.1573257446289
633,7.73007452247171,7.96630001068115
634,12.11906214121,12.2396278381348
635,16.2415273068135,16.6081829071045
636,26.4230960754398,26.3892402648926
637,6.78017069624441,7.19035911560059
642,24.7591148591599,25.479248046875
643,25.5809635579863,23.766731262207
644,29.957601737578,30.2802848815918
645,6.09435695758346,6.09031677246094
646,9.11101868908443,9.49277210235596
647,6.46299680430882,6.26838111877441
648,6.04169384132691,5.71337413787842
649,27.0133986584908,27.8064727783203
650,4.36467202912295,4.75333309173584
651,3.35245977940214,3.29868721961975
652,18.5285536874314,18.689811706543
654,25.8362608290679,26.0958194732666
655,59.0897809666393,50.7587585449219
656,13.9500799428703,14.5657424926758
657,12.0742592310898,12.3812675476074
659,4.70838158016285,4.57356834411621
660,4.6263292147123,4.70163726806641
661,27.6581138743068,30.453296661377
662,21.8459506406011,23.5778579711914
663,11.8674766013613,12.0564079284668
664,33.9857449053914,34.2763214111328
665,6.00159602276284,5.33186721801758
666,16.7128112147959,16.6529197692871
667,24.4595053345324,24.8810539245605
668,13.1236702102188,12.0457773208618
669,3.15567278800255,3.12223744392395
670,32.8201159811396,32.9753608703613
672,4.28137180605023,4.54311180114746
673,30.9528048455357,30.8003044128418
674,14.7737537517059,14.5683670043945
675,4.65265906930799,4.73940277099609
676,20.9986152691156,20.8676109313965
677,15.7404211659688,15.8633766174316
678,6.72881719906299,6.96857929229736
679,29.7910738967337,29.9319267272949
680,22.3979920094353,23.4314575195313
681,25.7498263172688,26.6423110961914
682,17.8081086830729,17.9816284179688
683,20.5994830779585,20.7314682006836
684,20.8274788840458,20.0142288208008
685,10.0312202492843,10.6191263198853
686,3.85887955837165,3.93513321876526
687,4.4421075003485,4.60399150848389
688,3.34610051949046,3.30675053596497
689,19.9730947714076,19.6090145111084
690,11.8885962999453,11.6080379486084
691,29.4221454036438,29.756534576416
692,9.86250858423995,10.3427772521973
693,30.5308315219186,30.7750587463379
694,5.49828022640401,5.39574146270752
695,49.2532967483207,46.991382598877
697,10.5840610777999,10.4165058135986
698,24.0329868643693,23.8314361572266
699,27.2676108591716,27.7116756439209
700,11.576540994384,11.5982360839844
701,41.1216902039185,33.0753021240234
702,4.53239340757759,4.39423561096191
703,5.24736598803596,5.10991859436035
704,7.67282513803019,8.01055908203125
705,8.39946254302244,8.04811382293701
706,16.1151798997674,16.3156929016113
707,10.3102971376523,10.5654163360596
708,5.69711679656033,5.81208229064941
709,4.65152553979717,4.57496070861816
710,22.3790782985554,22.8240833282471
711,5.12271949153815,4.99531555175781
712,5.58893858786689,6.0117130279541
713,14.6563637101366,15.3198432922363
714,23.3810363914386,23.8043518066406
715,4.32333009888697,4.34727001190186
716,14.9485109353886,15.3164825439453
717,6.54107338956896,5.947265625
718,15.9883022105685,16.0913734436035
719,11.5826880303339,11.3613119125366
720,6.07054816490524,6.3061695098877
721,14.9862564494592,15.2900924682617
722,5.85936102859954,5.93161582946777
723,5.43619341398581,5.36381340026855
725,8.19378854767349,8.23432731628418
726,20.5466241797046,21.1606216430664
727,8.92607326236819,9.00303745269775
728,23.8421090029299,24.1702842712402
729,4.11655720634002,4.09956741333008
730,3.1453477430851,3.21213555335999
731,11.0263779016086,11.303840637207
732,17.9697440506588,18.3656272888184
733,46.636903183473,46.9555931091309
734,6.38167921436296,6.2862548828125
735,4.07423060271738,4.36678123474121
736,15.0689357350898,15.4868621826172
737,6.39353574081196,6.57466316223145
738,10.2648497609593,10.0841627120972
739,3.34488941650923,3.47268509864807
740,5.98172964146177,6.04600238800049
741,18.514007145807,19.1231994628906
742,14.788493570027,14.6554718017578
743,9.99893472605121,10.25856590271
745,40.2835642616696,40.4804649353027
746,13.0548210238576,13.5471611022949
747,29.2156822281053,29.851375579834
749,7.82815906315648,8.07043647766113
750,13.0411983201862,12.6546630859375
752,10.2945172878565,10.4084491729736
753,4.25625538641017,4.71126747131348
754,23.3933497151624,22.6552829742432
755,34.7950652408835,35.3869132995605
756,4.24455343096562,4.71108055114746
757,5.59236343540217,5.22358512878418
758,15.4599634576344,16.2910327911377
759,5.64441230795629,5.63040256500244
760,12.7277545145216,12.9626560211182
761,4.95100713392729,6.078932762146
762,11.5165764301916,12.080924987793
763,4.47128857557514,4.4744701385498
764,19.9735260538738,17.8957824707031
765,8.96119928229673,9.87644386291504
766,25.2923551156487,24.9720573425293
767,3.46337399690149,3.71382260322571
768,4.32382241929352,4.3827428817749
769,32.7325686954725,32.660099029541
770,25.007691922647,25.0238475799561
771,11.7842171248276,12.136417388916
772,4.76028079889208,5.14874649047852
774,5.17020114392956,5.21195316314697
776,13.263829006128,13.0206909179688
778,17.9564362323977,18.4288787841797
779,3.55766794155662,3.88532376289368
780,5.69404529512249,5.75745964050293
781,3.11630578705322,4.03284072875977
782,5.7760713497514,5.87578392028809
783,12.2024534925161,12.475471496582
784,7.8538262084425,9.02098655700684
785,7.46125393598488,6.71857261657715
786,7.57390307697025,7.70405387878418
788,4.19265102499185,3.96760630607605
789,34.3937921636361,34.524299621582
790,7.91514753572721,7.82255554199219
791,8.11237633937627,8.17252922058105
792,36.7913232502023,37.4768295288086
793,27.0029190091276,27.0506896972656
794,6.29805713169987,6.08015632629395
795,6.41545398843549,6.45078277587891
796,33.0608639434399,33.1226844787598
797,16.9425318380012,16.8733139038086
798,28.3501023446883,28.8607788085938
799,10.2990337081145,10.010555267334
800,15.5004616570856,15.5140781402588
801,36.170225932868,34.3443489074707
802,24.0010571284111,24.1446361541748
803,3.70243379289551,3.9155113697052
804,11.1438860147542,11.4303712844849
805,2.78086023947903,2.39148640632629
806,33.4412473386198,33.9896240234375
807,9.87731539105259,9.99045944213867
808,6.79407512780887,6.5112476348877
809,15.0328942897066,15.3738441467285
810,39.0419942129949,38.9666481018066
811,12.2184056011168,12.4228401184082
812,11.4997423643623,11.9800252914429
813,5.5705231408174,5.39105033874512
814,19.0605650524854,18.3310947418213
815,36.6654031811007,34.3747138977051
816,10.2233698976258,11.0745525360107
817,15.9799555319762,16.0685844421387
818,9.08329433765775,9.42722702026367
819,10.3444255055924,11.0948600769043
820,5.65730774008437,5.56008338928223
821,5.32751783483705,5.70624923706055
822,18.1479245304294,19.0391330718994
823,18.8541075689455,19.4849967956543
825,34.1119609139746,33.5752944946289
826,14.5208445511968,14.5206909179688
827,13.6930817014359,13.1398258209229
828,6.1384814032739,6.07648658752441
829,4.73763197258875,4.99596786499023
830,28.4448422465403,28.9003524780273
831,4.62958866149866,4.25130653381348
833,30.5768731675969,31.5801086425781
834,4.01713311422739,4.09453296661377
835,4.11996391192902,4.53568458557129
836,16.640377304514,17.0114879608154
837,21.6948101858456,21.5321159362793
838,22.6954517150782,23.2987899780273
839,40.1399350360657,40.2500953674316
840,3.36011600156725,3.54241585731506
841,3.62913248624659,3.83492541313171
842,29.8096976639345,29.821949005127
843,6.70364211696686,6.7755241394043
844,5.86655390245095,5.93218421936035
845,39.446549732068,39.418025970459
846,5.39207008899835,5.37991714477539
847,5.61768248427944,5.49526405334473
848,5.10798817556724,4.96608257293701
849,43.2490011425841,41.0063438415527
850,7.50520812457771,7.39444351196289
851,10.7525584592683,10.8373470306396
852,35.6023141287406,35.7308921813965
853,9.64364336314715,10.6546573638916
854,5.4719464871509,5.92569160461426
855,8.74283661989407,8.70688533782959
856,18.7246327158508,18.9919586181641
857,10.335918315865,10.3741846084595
858,10.8715574838118,10.5945568084717
859,19.788565170853,20.4255046844482
860,41.8810747922144,41.9052848815918
861,14.7704675277705,14.9815368652344
862,9.97217129736966,8.55941390991211
864,3.48039983332157,3.10474038124084
865,12.7554019294266,12.7118339538574
866,17.0626961224058,16.7252388000488
867,15.4635535022632,15.8718395233154
868,17.807787136486,17.5688705444336
869,3.63344533668122,3.83948636054993
870,13.473450443263,14.0423030853271
871,4.2240141236202,4.14295482635498
872,15.698750527328,15.788875579834
873,13.6801566909999,14.1240882873535
874,16.1734683506809,16.1747779846191
875,15.7952499729465,16.0137557983398
876,18.2229902867125,18.5708503723145
877,4.33100163853691,4.09285545349121
878,15.6730187371266,15.9326934814453
879,29.8983967601129,30.3409805297852
880,3.5967763540384,3.1470959186554
881,15.4165016617949,15.6752662658691
882,33.0751845451551,33.8650779724121
883,10.9673333979989,10.6714687347412
884,20.3277293736335,19.4806041717529
885,38.2060487983822,38.946605682373
886,21.1873350356878,21.1715774536133
887,17.8101756474041,17.9889221191406
888,9.37236311280424,9.60872268676758
889,25.7181505061797,26.2274398803711
890,10.3163022090824,9.81703090667725
891,28.6441197936444,28.3492164611816
892,21.7610602649924,21.6925773620605
893,41.8790490754796,41.8305854797363
894,2.64997482550292,2.5145275592804
895,24.509514310837,26.3818359375
896,25.4398559588939,25.7804183959961
897,27.1644011893224,27.6634521484375
898,9.41119569841634,9.24925994873047
899,25.9778470712377,25.9941444396973
900,5.29126834078718,5.60915374755859
901,6.45996683384695,6.55945301055908
902,9.33981599263387,9.22788906097412
903,25.0439093821611,28.0174808502197
905,11.0374924139415,10.2198610305786
906,10.123136641442,10.7162523269653
907,22.3177848681592,22.7065925598145
908,4.59191618250511,4.57842826843262
909,9.65371970191936,10.100341796875
910,3.77295849444636,3.92451596260071
911,5.03665384249948,4.74536609649658
912,14.0667042293699,14.8487300872803
913,26.8889044730549,26.853588104248
914,24.3154975233783,26.7798023223877
915,8.86816006054908,8.84127902984619
916,5.98770333322244,6.09018802642822
917,17.1269191255961,17.1009216308594
918,21.3769188318794,21.9468193054199
919,21.3278632176081,21.2058296203613
920,11.8559266843611,12.2239456176758
921,37.3823025563703,37.0604667663574
922,8.46192621236174,8.68330764770508
923,5.78054690581464,5.42082118988037
924,22.7784726141726,21.8147926330566
925,40.0025399439895,39.9184837341309
926,3.52175699725004,3.65939450263977
927,32.0933492086571,32.8460388183594
928,10.0649750986945,10.3631458282471
929,4.25739106425593,4.27967643737793
930,23.8468729534612,24.4115943908691
931,3.58284036674632,3.61952519416809
932,25.8295703052269,25.784236907959
933,9.19950010643712,9.00934028625488
935,28.2206153620257,26.6976623535156
936,33.6371287734558,33.535083770752
937,56.7163062978485,58.2139549255371
938,27.5339636666011,27.8372535705566
939,23.0233791052777,23.4363651275635
941,5.30796374111554,5.02636528015137
942,7.77188225948442,6.88836097717285
943,5.1115891261908,5.67096710205078
944,14.7063869827871,14.3398361206055
946,8.34350791214399,8.39461708068848
948,16.7604870579161,16.5610694885254
949,25.6192122325007,27.4445476531982
950,5.22518223036132,5.17807769775391
951,4.7231464637618,4.40243625640869
953,4.49506402827976,4.61295795440674
954,4.48349150157077,4.81039905548096
955,5.99790318145949,6.48235511779785
956,44.0716831096731,44.4634895324707
957,23.7635668690878,24.2460689544678
958,9.24091898031133,9.37085914611816
959,26.0726498153418,25.6987915039063
960,4.56192845376622,4.46610164642334
961,16.1292448691118,16.247501373291
962,38.4714885110968,38.1070899963379
963,20.9271741009017,21.9381999969482
964,19.2247707943286,19.2794857025146
965,11.6128121217503,11.6290721893311
966,44.9732935199528,45.7214698791504
967,17.2758059114557,17.2452049255371
968,20.4651416239269,20.4366149902344
969,16.1868243344933,16.5254745483398
970,20.4366018898093,20.4207649230957
971,4.47356365353199,4.53907585144043
972,25.4454170770999,25.7849082946777
973,4.82175978195682,5.62460803985596
974,12.9725651682788,8.11773777008057
975,28.823752899968,28.6910057067871
976,7.51229800274512,7.5417652130127
977,5.99987246944967,5.32862663269043
978,10.0293740384416,10.3028936386108
979,16.3652005787942,16.9111862182617
980,16.9227067279977,17.3946914672852
981,4.98417970449514,4.86078548431396
982,14.1760882141516,13.5532722473145
983,41.5686648939937,41.5152397155762
984,5.48117948088478,5.95046043395996
985,5.8136604184717,5.93570709228516
986,8.54120677203756,7.91975688934326
987,3.94974950311716,4.26800155639648
988,5.91177252003911,5.44403839111328
989,49.9794385076819,49.8191795349121
990,31.636285894199,32.0909767150879
991,4.53134869599593,4.49621772766113
992,22.761751607773,23.1231727600098
993,15.4890359847195,15.4412899017334
994,4.45954883867611,4.07219791412354
995,17.7468758764856,17.0847434997559
996,6.00685403098408,5.75682830810547
997,14.6584977261115,14.5119953155518
998,2.49342835182202,2.58870911598206
999,24.3809288593654,24.1147003173828
1000,17.4803698435162,17.9092712402344
1001,9.88745304707287,9.34260082244873
1002,2.7381145953886,2.50714325904846
1003,40.8642240373572,39.3252983093262
1004,41.1518092738426,41.4951286315918
1005,9.34112275317947,10.1975612640381
1006,18.3499503642909,18.573543548584
1007,22.9756399273805,23.6912307739258
1008,14.9458549154751,14.7736587524414
1009,9.9188250745515,10.0085315704346
1010,4.60170646968429,4.43185901641846
1011,8.84719969209536,9.33098411560059
1012,4.4139922537332,4.57211303710938
1013,15.6891057187005,15.9493350982666
1014,7.26091681111344,7.84520721435547
1015,3.97663163758983,3.82260060310364
1016,24.4420939428625,24.7404823303223
1018,20.5453051642948,20.5669975280762
1019,4.86300265718549,4.9038610458374
1020,2.89737393712744,3.16293168067932
1021,6.28870700468804,6.05027961730957
1022,16.1464925514531,16.7549686431885
1023,37.4318691913562,37.2404327392578
1024,4.0220048968336,4.03596878051758
1025,4.37434840541639,4.41755676269531
1026,4.41982624986922,4.39879608154297
1027,15.3096283753113,15.6889915466309
1028,14.0182140207994,14.1813087463379
1029,34.4363069656058,33.8890724182129
1030,5.06061489173364,4.9116849899292
1031,4.76590505589378,5.35738945007324
1032,12.4928586604258,12.5170936584473
1033,15.8886185371599,15.6599540710449
1036,13.3576919716054,13.6359958648682
1037,20.4174561525104,21.0192890167236
1038,7.65906546055546,7.40201282501221
1039,33.1486627761372,33.2951240539551
1040,4.91239372851373,5.00610637664795
1041,22.8145269300004,22.6837844848633
1042,7.76710483497445,8.30125999450684
1043,21.8754520297734,22.1426906585693
1044,4.78574589066757,4.74231147766113
1045,46.0489611233898,49.1457099914551
1046,28.9209665891906,29.314769744873
1047,4.01851741335714,4.39536666870117
1048,27.3478193961666,27.622875213623
1049,4.05407394797377,3.51330733299255
1050,4.24762466494948,4.2690896987915
1051,5.33549795335056,5.27054786682129
1052,26.7057142979779,27.0597686767578
1053,57.7281684560087,57.7738227844238
1054,24.707656529711,25.2897624969482
1055,4.34778675641212,4.15445327758789
1056,11.5479777648226,11.6933116912842
1057,10.0192294624304,10.1387348175049
1058,4.17844833804703,4.05750751495361
1059,29.0416246967671,29.0839881896973
1060,6.71927246536684,6.92388916015625
1061,18.6342201180509,17.1056365966797
1062,3.86076064582892,3.55880904197693
1064,2.66165954268096,2.782954454422
1065,5.50215234046315,5.3654899597168
1066,4.1242758034314,4.38185119628906
1067,9.52152908466736,10.3127021789551
1068,4.91943631517997,4.90284729003906
1069,4.60987780681859,4.35830497741699
1070,7.85499018566908,7.81301879882813
1071,38.0261990674794,38.0987663269043
1072,5.68157753385491,5.52289295196533
1073,15.8012352429398,16.5132160186768
1074,9.93782568631186,10.4592008590698
1075,9.84214047710995,10.2381296157837
1076,6.53047768338354,6.76157760620117
1077,16.4386691960607,15.7784862518311
1078,5.38002661675932,4.96517944335938
1079,5.24653992774793,5.87513160705566
1080,7.82387892023966,9.23411655426025
1081,15.906668594253,16.0316200256348
1082,3.7566394923624,3.88702797889709
1083,19.9388003477292,20.1833953857422
1084,22.0907818209205,22.3915042877197
1085,4.41996993622405,4.47369384765625
1086,29.538451910433,29.7633323669434
1087,7.16146185111762,7.62896156311035
1088,23.4700430144789,23.4631004333496
1089,13.0195101016594,13.3795166015625
1090,23.5230481612035,23.338960647583
1091,16.3861414258563,16.5298118591309
1092,8.61251516230744,8.51072978973389
1093,6.19393876958622,5.68163204193115
1094,8.9727274458346,9.14611625671387
1095,9.2209297622293,9.77474021911621
1096,34.7819457148297,34.174617767334
1097,7.25419558162608,7.13034439086914
1098,9.34375916003689,9.39083003997803
1099,5.83893298089422,6.18052673339844
1100,7.79489159261255,7.70872116088867
1101,3.53564489118909,3.20717024803162
1102,16.1139502017982,16.701452255249
1103,4.99576760750784,5.17923927307129
1104,5.50894151454952,5.40127468109131
1105,6.08103125968085,5.93272399902344
1106,16.4766678919645,16.5135746002197
1107,49.6788368703041,50.4372673034668
1108,40.4984900286191,40.4426574707031
1110,8.47937237094969,9.28540706634521
1111,6.41162730491263,6.39657211303711
1112,4.6056187890566,4.82858753204346
1113,4.91082309356073,4.98965072631836
1114,26.9269344837244,27.734899520874
1115,21.0198506048192,21.2852973937988
1116,5.54443128295989,5.64180946350098
1117,10.5847654849766,10.8240594863892
1118,7.63929164240143,7.93544387817383
1119,5.59175804006558,5.36148643493652
1120,2.95168305321241,2.94755816459656
1121,15.6806510449739,16.3622856140137
1122,12.8150353855989,13.3763370513916
1123,22.0981776901447,24.4093017578125
1124,2.61724556746178,2.636563539505
1125,9.66621172471959,9.42117500305176
1126,5.22977678143628,5.37506294250488
1127,26.51654920413,28.4357719421387
1129,5.51469189940365,5.21517944335938
1130,40.1197121982048,40.297534942627
1131,9.71240475462098,11.3366594314575
1132,23.3433894251367,23.7065982818604
1133,54.4658505894527,54.4677658081055
1134,3.63649779811891,3.44764161109924
1135,5.44859616798927,5.11968803405762
1136,8.66410885601554,9.18312168121338
1137,5.02895504678957,5.32153034210205
1138,25.0783963253359,25.2698955535889
1139,26.1368728763898,26.3236999511719
1140,16.7043547123999,17.3394145965576
1141,5.89792150324754,6.22456645965576
1142,5.5069870598903,5.57944965362549
1143,15.9080526792536,15.7378311157227
1144,26.5467821541841,27.4580898284912
1146,4.53075540381857,4.53043842315674
1147,8.53400561274991,8.70996284484863
1148,9.17121558636424,9.21940040588379
1149,26.7533766972943,27.0867366790771
1150,30.8530329340967,31.0169486999512
1151,41.6131876497574,41.3541297912598
1153,23.3632839579997,23.7887077331543
1154,20.6464497957801,21.0660057067871
1155,38.5538649188066,38.4872627258301
1156,3.09282421204153,3.53565812110901
1157,18.6537140284161,18.5995197296143
1158,4.04632789071543,4.2863597869873
1159,36.0846971714399,36.3699226379395
1160,5.54196646436011,5.75875473022461
1161,22.893819500749,24.0515308380127
1162,22.7493576482844,22.4852600097656
1163,16.647362500136,16.5435943603516
1164,6.60801740317779,6.89376068115234
1165,4.62182460061972,4.32117462158203
1167,4.35367191800709,4.69360160827637
1168,16.9304577309665,17.0626335144043
1169,12.0973248856522,12.1718463897705
1170,13.2549114345096,13.5162086486816
1172,17.3681439411064,17.9151000976563
1173,13.6080801889228,13.9526863098145
1174,12.4966392088566,12.5234146118164
1175,9.13528288114549,9.22414016723633
1176,2.57320715180352,2.46861529350281
1177,34.8059055838513,35.3976173400879
1178,52.6103964789941,52.7572250366211
1179,4.53887926531862,4.718674659729
1180,6.18751565233816,6.16542434692383
1181,4.79984323669538,5.05403137207031
1182,7.18437782634288,7.51825428009033
1184,28.9415174519748,29.2169227600098
1185,42.6398527388936,43.9010810852051
1186,11.4025887876964,11.0643730163574
1187,14.7523850896252,13.9600086212158
1188,15.3423347444135,15.6047840118408
1189,4.53694744336893,4.66337299346924
1190,3.73925361251377,4.38897800445557
1191,3.01489657899337,2.98600697517395
1192,12.4983503156088,12.1261901855469
1193,3.36619937198679,3.40841698646545
1194,10.3144597865969,9.95670127868652
1195,29.7667968871109,29.4901161193848
1196,17.7731606327518,17.5524597167969
1197,37.3050316863023,37.683422088623
1198,10.838315669958,11.2407007217407
1199,3.29383949021389,3.4598114490509
1200,23.3321212528427,23.8250350952148
1201,16.6920809999642,17.8104400634766
1202,5.93052668693682,6.14293193817139
1203,20.9333883896661,21.5343132019043
1204,27.3440511124139,27.3146934509277
1205,9.00273973797906,9.55948066711426
1206,4.44917978697339,4.48134803771973
1207,5.83700448075199,5.79135227203369
1208,40.8812236667534,40.9363975524902
1209,17.941119340596,18.1908836364746
1210,5.73533559824087,6.02845001220703
1211,51.6819182596938,50.7330589294434
1212,8.03796825638907,8.09288597106934
1214,3.74667059026839,3.87784790992737
1215,12.7743676701661,13.9697570800781
1216,18.6849388923331,18.8227596282959
1217,27.4946533049605,28.2424468994141
1218,4.46747703307501,4.73173236846924
1219,15.4628465890947,15.4027137756348
1220,30.0864189335933,29.4112548828125
1221,4.52153865342139,4.382004737854
1224,24.0807030443397,24.0993804931641
1225,4.17601554999162,4.04129981994629
1226,21.7557871601295,21.611909866333
1227,5.26310253485909,5.51150321960449
1228,7.85549529461345,7.20083808898926
1229,13.8656550887738,13.964542388916
1230,2.94679461519459,2.92148184776306
1231,6.29538174423227,6.41889667510986
1232,12.585277927514,12.2227516174316
1233,6.00629136602627,6.37281036376953
1234,39.9336700944025,39.9957542419434
1235,15.2477471156078,15.7742958068848
1236,4.06430903345487,3.97869658470154
1237,15.3049673696709,15.626953125
1238,10.0228307367898,10.2991313934326
1239,15.4528016311806,15.0056762695313
1240,6.9327905408232,6.83833694458008
1241,11.5829254047243,11.4337024688721
1242,13.8976384615352,13.8167533874512
1243,14.8862609183644,15.136646270752
1244,19.4310308840244,19.1727027893066
1246,6.1630863823831,5.90954399108887
1247,6.38802002970319,6.48744487762451
1248,19.2161535929031,19.5600261688232
1249,9.20855729025007,10.155725479126
1250,5.68261323204544,5.72348213195801
1251,8.25314468797088,8.09427738189697
1252,7.19063589360787,7.36132526397705
1253,2.62906002987135,2.30676817893982
1254,4.35080590594909,4.35509872436523
1255,23.8803658749358,24.2295570373535
1256,14.996378906292,15.1865768432617
1258,5.12811730243119,5.93768692016602
1259,7.85589398588826,8.54776096343994
1260,33.504330696595,33.4992866516113
1261,11.1843229712311,11.2967767715454
1262,38.6575870330689,36.5136375427246
1263,19.5127812818438,19.8858947753906
1264,5.49498277043917,5.65413093566895
1265,21.9203013436846,22.6554183959961
1266,10.4625831631158,11.5724153518677
1267,40.4793824519815,40.8422203063965
1268,42.2238662522023,42.4757652282715
1269,14.8622020957418,15.2788524627686
1270,30.1948331959279,30.3388404846191
1271,26.8886976550276,27.1383323669434
1272,20.0752627033987,21.1781768798828
1273,14.4411515663619,15.1802310943604
1274,4.83085124471939,4.64633369445801
1275,9.98675188498461,10.4418449401855
1276,5.62684914687394,5.14389610290527
1277,11.1975782497113,11.232400894165
1278,12.4789957781602,12.528392791748
1279,9.97775344403501,10.1790733337402
1280,24.7595629937809,24.5693759918213
1281,35.9524199499054,36.0818748474121
1283,7.03382514387526,7.1430492401123
1284,5.50136433802606,5.64798736572266
1285,29.2969907323876,30.4289741516113
1286,36.2959853153306,36.5462455749512
1287,17.7617391079528,17.728084564209
1288,12.7543898033231,12.6507110595703
1289,7.80286086791062,7.76811218261719
1290,17.1682486466079,17.0519943237305
1291,6.03891968512673,6.42216205596924
1292,3.68376393859183,3.4647753238678
1293,8.92767193820779,9.05876541137695
1295,20.5260589510751,20.737865447998
1296,13.9436473424368,14.0091361999512
1297,28.0166058572832,28.5454788208008
1298,4.78348813111387,5.59468555450439
1299,4.89892504790236,4.51489448547363
1301,31.6121433755846,31.6529960632324
1302,38.9961289793558,38.9106864929199
1303,13.3580139665927,13.0144309997559
1304,5.3189145870378,5.51401138305664
1305,10.1661914411479,10.0370578765869
1306,5.78966431755651,5.82684135437012
1307,17.2821480905604,17.740779876709
1308,12.720215716272,12.9610290527344
1309,5.62271217988393,5.28197288513184
1310,9.10698553022684,9.27842235565186
1311,10.7684855615212,10.6953420639038
1312,28.2392860722548,29.3158912658691
1313,35.5240409728912,38.1708717346191
1315,10.5496729506095,10.8513069152832
1316,5.05777136900995,5.10323333740234
1317,6.71843308482481,6.51041698455811
1318,12.8705676098175,12.9470977783203
1319,11.4653730914248,11.368218421936
1320,5.61411306713168,5.23515129089355
1321,4.44345410700256,4.41558647155762
1322,40.7742106537057,41.1568412780762
1323,5.91392573835171,6.05865955352783
1325,31.1526968365926,31.943546295166
1326,8.33572769064303,9.09319972991943
1327,4.45798756382947,4.43042945861816
1328,19.0266428029851,19.2616806030273
1329,11.2035962373681,11.5115404129028
1330,6.0320034840454,5.69927215576172
1331,32.7944037372728,33.9611778259277
1333,4.60627265951913,5.46621894836426
1334,35.8671487415236,36.1709403991699
1335,6.2649107517487,6.72908401489258
1336,8.52921592535503,8.54311370849609
1337,4.23898643230765,4.25866603851318
1338,26.6975985400781,26.5754241943359
1339,34.1245958721403,34.3471183776855
1340,26.1099244843074,25.6772918701172
1341,5.1314555820209,4.84220600128174
1342,8.04424802672507,8.01429080963135
1343,11.2760894438988,11.5676326751709
1344,3.74997381405486,3.88711619377136
1345,4.41213955359253,4.45455932617188
1346,41.538408788403,41.9739418029785
1347,25.3409627718381,25.3978614807129
1348,8.17081689269313,8.02957916259766
1349,10.8316725427825,11.3767471313477
1350,29.7724458020343,29.6079063415527
1351,6.43017791320417,6.26739978790283
1352,4.24690673236506,4.69384002685547
1353,14.2938038167646,14.158634185791
1354,12.585777386572,11.8940124511719
1355,27.690174936807,27.5404071807861
1356,6.08347061352672,6.07244777679443
1357,12.838092974134,12.8774166107178
1358,28.3888022790791,28.3606796264648
1360,7.43635208792304,7.80001354217529
1361,24.8677814465169,24.5184803009033
1362,13.4340442208171,13.3327560424805
1363,2.80062657298937,3.05351376533508
1364,17.9500551638295,18.4374504089355
1365,4.41451561188952,4.48172950744629
1366,4.55146659513702,4.15075874328613
1368,17.8384642154059,18.6015911102295
1369,25.4975477616174,25.6733589172363
1370,6.3182496041193,5.97006702423096
1371,6.56649952424682,6.52067279815674
1372,14.4944764454707,14.4084548950195
1373,4.13852604067417,4.40345859527588
1374,16.1362917424847,16.2019844055176
1375,5.01854559584797,5.11411666870117
1376,28.2001478275371,28.0809097290039
1377,25.4982445376635,26.146032333374
1378,25.858271045976,25.3174896240234
1379,11.4112027061986,13.8892498016357
1380,4.34299112868135,4.3316535949707
1382,21.878482691172,22.1995849609375
1383,6.56752444390587,6.74800300598145
1384,6.19057193068129,6.3185977935791
1385,22.6469932720935,22.8751792907715
1386,30.2427678107021,31.0416145324707
1387,15.8575270519731,15.736026763916
1388,16.2404809575666,16.6472549438477
1389,15.5885484974119,15.8820610046387
1390,31.864179599648,32.3571586608887
1391,7.17366820607034,7.13570404052734
1392,28.34353917995,28.548454284668
1393,11.2272865725755,11.0791873931885
1394,3.06191106454845,3.68407654762268
1395,11.3685126687829,12.3852996826172
1396,37.6917337675756,37.7437477111816
1397,3.04258428297399,2.84633374214172
1398,12.0884843612477,12.6459465026855
1399,26.4366610634068,27.0559997558594
1400,13.7125694495424,14.3219413757324
